cluster_type,cluster_key,user_cnt,report_cnt,punish_cnt,punished_user_cnt,punish_user_rate,cluster_risk_score
payment_subject,PS900,3,6,6,3,1.0,0.7708333333333334
device,D900,3,6,6,3,1.0,0.7708333333333334
ip,10.0.9.9,3,6,6,3,1.0,0.7708333333333334
payment_subject,PS002,3,2,2,2,0.6667,0.5208333333333334
payment_subject,PS003,2,2,2,2,1.0,0.4666666666666666
ip,10.0.0.3,2,1,1,1,0.5,0.19999999999999998
