comp_id,comp_name,play_cnt_before,top4_cnt_before,win_cnt_before,avg_rank_before,top4_rate_before,win_rate_before,play_cnt_after,top4_cnt_after,win_cnt_after,avg_rank_after,top4_rate_after,win_rate_after,play_delta,top4_delta,win_delta,avg_rank_delta,patch_reading
COMP_SAMIRA,莎弥拉,8400,4370,1035,4.513333333333333,0.5202380952380953,0.12321428571428572,10200,5930,1605,3.98,0.5813725490196079,0.15735294117647058,1800,0.06113445378151261,0.034138655462184864,-0.5333333333333328,meta_rising
COMP_XAYAH,霞,10800,5930,1510,4.19,0.549074074074074,0.1398148148148148,13500,7980,2205,3.8166666666666664,0.5911111111111111,0.16333333333333333,2700,0.042037037037037095,0.023518518518518522,-0.37333333333333396,buff_effective
COMP_AP_95,AP95,12300,6880,1870,4.026666666666666,0.5593495934959349,0.15203252032520326,14900,8680,2480,3.7533333333333334,0.5825503355704698,0.16644295302013423,2600,0.02320074207453482,0.014410432694930975,-0.273333333333333,watch
COMP_MECHA,霸天机甲,9550,5170,1335,4.31,0.5413612565445026,0.13979057591623037,11300,6310,1665,4.09,0.5584070796460177,0.14734513274336283,1750,0.017045823101515034,0.007554556827132464,-0.21999999999999975,watch
COMP_NOVA_95,新星95,13200,7450,2060,3.9066666666666667,0.5643939393939394,0.15606060606060607,11100,6030,1490,4.273333333333333,0.5432432432432432,0.13423423423423422,-2100,-0.021150696150696202,-0.021826371826371843,0.3666666666666667,watch
COMP_DARKSTAR,暗星,6900,3540,820,4.640000000000001,0.5130434782608696,0.11884057971014493,6000,2950,650,4.873333333333334,0.49166666666666664,0.10833333333333334,-900,-0.02137681159420296,-0.010507246376811594,0.2333333333333334,watch
